Perkara,Keterangan
rekod,# II Rekod Pindaan
senarai,# III Senarai Pemegang Dokumen
objektif,"Manual Kualiti ini adalah berdasarkan keperluan Sistem Pengurusan Kualiti (MS ISO 9001:2015). Manual ini mengandungi maklumat organisasi, dasar kualiti dan objektif kualiti terhadap perkhidmatan kepada pelanggan berhubung proses perolehan, pemantauan dan penyampaian perkhidmatan projek integrasi sistem. Manual Kualiti ini disokong dengan dokumen prosedur kualiti dan dokumen-dokumen sokongan yang berkaitan seperti berikut:"
dasar,"Manual Kualiti ini adalah berdasarkan keperluan Sistem Pengurusan Kualiti (MS ISO 9001:2015). Manual ini mengandungi maklumat organisasi, dasar kualiti dan objektif kualiti terhadap perkhidmatan kepada pelanggan berhubung proses perolehan, pemantauan dan penyampaian perkhidmatan projek integrasi sistem. Manual Kualiti ini disokong dengan dokumen prosedur kualiti dan dokumen-dokumen sokongan yang berkaitan seperti berikut:"
pengurusan,"Manual Kualiti ini adalah berdasarkan keperluan Sistem Pengurusan Kualiti (MS ISO 9001:2015). Manual ini mengandungi maklumat organisasi, dasar kualiti dan objektif kualiti terhadap perkhidmatan kepada pelanggan berhubung proses perolehan, pemantauan dan penyampaian perkhidmatan projek integrasi sistem. Manual Kualiti ini disokong dengan dokumen prosedur kualiti dan dokumen-dokumen sokongan yang berkaitan seperti berikut:"
pelanggan,"Manual Kualiti ini adalah berdasarkan keperluan Sistem Pengurusan Kualiti (MS ISO 9001:2015). Manual ini mengandungi maklumat organisasi, dasar kualiti dan objektif kualiti terhadap perkhidmatan kepada pelanggan berhubung proses perolehan, pemantauan dan penyampaian perkhidmatan projek integrasi sistem. Manual Kualiti ini disokong dengan dokumen prosedur kualiti dan dokumen-dokumen sokongan yang berkaitan seperti berikut:"
pengurusan,Manual Kualiti ini merupakan dokumen generik yang mengandungi maklumat-maklumat di dalam aspek pengurusan kualiti Syarikat sebagaimana berikut:
dasar," 1.2.2. Menjelaskan secara ringkas Sistem Pengurusan Kualiti MS ISO
 9001:2015 yang dilaksanakan Syarikat;
 
 1.2.3. Menggariskan dasar dan prinsip-prinsip asas bagi
 aktiviti-aktiviti organisasi; dan"
pengurusan," 1.2.2. Menjelaskan secara ringkas Sistem Pengurusan Kualiti MS ISO
 9001:2015 yang dilaksanakan Syarikat;
 
 1.2.3. Menggariskan dasar dan prinsip-prinsip asas bagi
 aktiviti-aktiviti organisasi; dan"
prestasi," Bahagian 9 - Penilaian prestasi.
 
 Bahagian 10 - Penambahbaikan."
penambahbaikan," Bahagian 9 - Penilaian prestasi.
 
 Bahagian 10 - Penambahbaikan."
pengurusan,Manual Kualiti ini hanya terpakai dan berkuatkuasa setelah diluluskan oleh Pengarah Urusan (MD). Manual Kualiti ini adalah Dokumen terkawal dan hanya diedarkan kepada pegawai-pegawai seperti di seksyen III - senarai Pemegang Dokumen Terkawal. Pemegang Dokumen ini akan bertanggungjawab menyimpan dengan selamat dan mengemaskini Manual Kualiti ini mengikut arahan yang dikeluarkan oleh Wakil Pengurusan dari masa ke semasa.
tanggungjawab,Manual Kualiti ini hanya terpakai dan berkuatkuasa setelah diluluskan oleh Pengarah Urusan (MD). Manual Kualiti ini adalah Dokumen terkawal dan hanya diedarkan kepada pegawai-pegawai seperti di seksyen III - senarai Pemegang Dokumen Terkawal. Pemegang Dokumen ini akan bertanggungjawab menyimpan dengan selamat dan mengemaskini Manual Kualiti ini mengikut arahan yang dikeluarkan oleh Wakil Pengurusan dari masa ke semasa.
senarai,Manual Kualiti ini hanya terpakai dan berkuatkuasa setelah diluluskan oleh Pengarah Urusan (MD). Manual Kualiti ini adalah Dokumen terkawal dan hanya diedarkan kepada pegawai-pegawai seperti di seksyen III - senarai Pemegang Dokumen Terkawal. Pemegang Dokumen ini akan bertanggungjawab menyimpan dengan selamat dan mengemaskini Manual Kualiti ini mengikut arahan yang dikeluarkan oleh Wakil Pengurusan dari masa ke semasa.
pelanggan,"Perkara yang dikemukakan oleh pelanggan mengenai ketidakpuasan hati mereka ke atas pelaksanaan proses perolehan, pemantauan dan penyampaian perkhidmatan projek integrasi sistem Syarikat."
komunikasi,"Proses mewujudkan sistem maklumat yang mungkin termasuk mereka bentuk, membangunkan aplikasi atau mengubahsuai aplikasi tersedia dan/atau sedia ada dan seterusnya mengintegrasikannya dengan arkitektur, perkakasan dan sistem komunikasi yang baharu dan/atau sedia ada."
pelanggan,## 3.4 Maklumbalas Pelanggan
pengurusan,"Maklumbalas pelanggan meliputi komen atau cadangan bagi memperbaiki/ mempertingkatkan lagi sesuatu produk / perkhidmatan dan pengurusan operasi kerja.
""The process of creating an information system that may include designing or building a customized architecture or application, integrating it with new or existing hardware, packaged and custom software, and communications.""
pelanggan,""Maklumbalas pelanggan meliputi komen atau cadangan bagi memperbaiki/ mempertingkatkan lagi sesuatu produk / perkhidmatan dan pengurusan operasi kerja.
""The process of creating an information system that may include designing or building a customized architecture or application, integrating it with new or existing hardware, packaged and custom software, and communications.""
pengurusan,"" Pengurus, eksekutif dan staf sokongan yang bertaraf tetap, kontrak atau sambilan yang terlibat dengan pengurusan QMS."
pelanggan,## 3.6 Pelanggan
pelanggan,Dalam konteks Syarikat dibahagikan kepada dua (2) kategori iaitu: Pelanggan luaran iaitu pembekal dan penerima perkhidmatan; dan pelanggan dalaman.
tanggungjawab,"## 3.9 Pegawai Integriti
 
Pegawai yang dilantik oleh MD yang bertanggungjawab menguruskan integriti dalam syarikat bagi membendung salahlaku jenayah serta pelanggaran tatakelakuan dan etika di kalangan pegawai syarikat."
pengurusan,## 3.10 Wakil Pengurusan
pengurusan,Pegawai di peringkat pengurusan Syarikat yang telah dilantik oleh MD sebagai Wakil Pengurusan. MD boleh melantik seorang Timbalan Wakil Pengurusan untuk membantu secara sementara / tetap semasa ketiadaannya.
pelanggan,"OpenApps Sdn. Bhd (OA) ditubuhkan pada 2001. OA ditubuhkan bagi mengambil peluang perkembangan sektor pertahanan & keselamatan di mana kerajaan menggalakkan penglibatan syarikat bumiputera tempatan untuk mengimbangi kebergantungan kepada pembekal luar negara. Ketika ini, OA mempunyai 10 staf. Pelanggan utama OA antaranya adalah Kementerian Pertahanan, Kementerian Dalam Negeri dan Kementerian Kesihatan. OA telah diiktiraf sebagai penyumbang dan aktif di dalam bidang teknologi maklumat dengan memperkenalkan teknologi terkini yg lestari. "
pengurusan, a. Jabatan Pengurusan (Management Dept.);
objektif,### 4.1.5 Objektif operasi
pelanggan,"Pihak yang berkepentingan Syarikat terdiri dari: 
 a. Pelanggan; 
 b. Pembekal; 
 c. Pegawai dan staf syarikat; dan 
 d. Institusi kewangan."
pengurusan,## 4.3 Menentukan skop sistem pengurusan kualiti
pengurusan,"Syarikat setelah mengambil kira isu-isu dalaman dan luaran yang boleh memberi kesan kepada pelaksanaan QMS dengan memberi keutamaan kepada kepentingan pelanggan dan prestasi syarikat. Skop pelaksanaan Sistem Pengurusan Kualiti (QMS) Syarikat ialah penyediaan bagi **Proses perolehan, pemantauan dan penyampaian perkhidmatan projek integrasi sistem**. Proses bermula dengan permohonan tender perolehan oleh Syarikat; penyediaan sumber-sumber berkaitan yang diperlukan, pelaksanaan projek dan pemantauan oleh pihak pengurusan sehingga penyerahan akhir integrasi sistem kepada pelanggan. "
prestasi,"Syarikat setelah mengambil kira isu-isu dalaman dan luaran yang boleh memberi kesan kepada pelaksanaan QMS dengan memberi keutamaan kepada kepentingan pelanggan dan prestasi syarikat. Skop pelaksanaan Sistem Pengurusan Kualiti (QMS) Syarikat ialah penyediaan bagi **Proses perolehan, pemantauan dan penyampaian perkhidmatan projek integrasi sistem**. Proses bermula dengan permohonan tender perolehan oleh Syarikat; penyediaan sumber-sumber berkaitan yang diperlukan, pelaksanaan projek dan pemantauan oleh pihak pengurusan sehingga penyerahan akhir integrasi sistem kepada pelanggan. "
pelanggan,"Syarikat setelah mengambil kira isu-isu dalaman dan luaran yang boleh memberi kesan kepada pelaksanaan QMS dengan memberi keutamaan kepada kepentingan pelanggan dan prestasi syarikat. Skop pelaksanaan Sistem Pengurusan Kualiti (QMS) Syarikat ialah penyediaan bagi **Proses perolehan, pemantauan dan penyampaian perkhidmatan projek integrasi sistem**. Proses bermula dengan permohonan tender perolehan oleh Syarikat; penyediaan sumber-sumber berkaitan yang diperlukan, pelaksanaan projek dan pemantauan oleh pihak pengurusan sehingga penyerahan akhir integrasi sistem kepada pelanggan. "
pengurusan,"Senarai isu-isu daripada proses pengurusan risiko sebagaimana di lampiran C.
Carta pemetaan proses bagi skop QMS Syarikat adalah seperti di lampiran D."
senarai,"Senarai isu-isu daripada proses pengurusan risiko sebagaimana di lampiran C.
Carta pemetaan proses bagi skop QMS Syarikat adalah seperti di lampiran D."
objektif,b. Dasar Kualiti dan Objektif Kualiti;
dasar,b. Dasar Kualiti dan Objektif Kualiti;
pengurusan,## 4.4 Sistem pengurusan kualiti dan prosesnya
pengurusan,"OpenApps Sdn. Bhd. (selepas ini dikenali sebagai Syarikat) perlu mewujud, mendokumen, melaksana dan menyenggara Sistem Pengurusan Kualiti (QMS) dan meningkatkan keberkesanannya secara berterusan selaras dengan keperluan standard. Untuk itu, Syarikat perlu:"
kawalan,"c. Menentukan kriteria dan kaedah bagi menilai keberkesanan operasi dan kawalan ke atas
proses-proses ini;"
penambahbaikan,"f. Melaksanakan tindakan-tindakan yang perlu bagi memastikan pencapaian matlamat yang
dirancang dan membuat penambahbaikan yang berterusan ke atas proses-proses ini."
kawalan," Proses-proses ini hendaklah diuruskan oleh Syarikat selaras dengan keperluan standard antarabangsa ini. Sekiranya Syarikat memilih untuk mendapatkan khidmat luar bagi melaksanakan mana-mana proses yang memberi kesan kepada kualiti produk yang dihasilkan, proses-proses tersebut hendaklah dikawal. Kawalan ke atas proses ini hendaklah dijadikan sebahagian daripada QMS. "
pengurusan,"### 4.4.1 Organisasi hendaklah mewujudkan, melaksanakan, menyelenggarakan dan menambah baik secara berterusan sistem pengurusan kualiti"
rekod,"Dokumentasi QMS meliputi rekod-rekod mengenai keputusan-keputusan pihak pengurusan Syarikat untuk memastikan tindakan-tindakan berkaitan pengurusan dan dasar dapat dikesan, dan memastikan keputusan yang direkodkan dapat dihasilkan semula. Sistem dokumentasi QMS mengandungi:"
dasar,"Dokumentasi QMS meliputi rekod-rekod mengenai keputusan-keputusan pihak pengurusan Syarikat untuk memastikan tindakan-tindakan berkaitan pengurusan dan dasar dapat dikesan, dan memastikan keputusan yang direkodkan dapat dihasilkan semula. Sistem dokumentasi QMS mengandungi:"
pengurusan,"Dokumentasi QMS meliputi rekod-rekod mengenai keputusan-keputusan pihak pengurusan Syarikat untuk memastikan tindakan-tindakan berkaitan pengurusan dan dasar dapat dikesan, dan memastikan keputusan yang direkodkan dapat dihasilkan semula. Sistem dokumentasi QMS mengandungi:"
senarai,"b. Prosedur-prosedur Operasi, Sokongan dan Wajib yang perlu didokumenkan mengikut Standard MS ISO 9001:2015. Senarai proses kerja yang berkaitan adalah seperti senarai di lampiran E, F dan G. Ringkasan prosedur-prosedur Operasi, Sokongan dan Wajib serta jumlah masing-masing seperti di jadual:"
kawalan,"c. Dokumen-dokumen yang diperlukan oleh bagi memastikan perancangan, operasi dan kawalan ke atas proses dijalankan dengan berkesan; dan"
rekod,d. Rekod-rekod yang diperlukan oleh standard MS ISO 9001:2015.
pengurusan,Pengurusan atasan Syarikat sentiasa komited untuk memastikan keperluan-keperluan berikut dilaksanakan:
komitmen,## 5.1 Kepimpinan dan komitmen
pengurusan,"Pengurusan atasan Syarikat sentiasa komited kepada pembangunan dan perlaksanaan QMS MS ISO 9001:2015, dan sentiasa berusaha secara berterusan untuk menambahbaik sistem bagi menjamin keberkesanannya dengan;"
pelanggan,a. Memastikan semua kakitangan memahami dan menghayati akan pentingnya kehendak pelanggan dipenuhi serta keperluan perundangan dan peraturan dipatuhi;
objektif,b. Mewujud dan meluluskan Dasar dan Objektif Kualiti (sila rujuk seksyen 5.2 dan 6.2); Memastikan semua kakitangan sentiasa memahami Dasar Kualiti dan Objektif Kualiti bagi mematuhi QMS MS ISO 9001:2015;
dasar,b. Mewujud dan meluluskan Dasar dan Objektif Kualiti (sila rujuk seksyen 5.2 dan 6.2); Memastikan semua kakitangan sentiasa memahami Dasar Kualiti dan Objektif Kualiti bagi mematuhi QMS MS ISO 9001:2015;
pengurusan,c. Mengadakan Kajian Semula Pengurusan (sila rujuk seksyen 9.3); dan
pengurusan,Pengurusan Syarikat akan memastikan:
objektif,a. Perancangan QMS diwujudkan dan dilaksanakan untuk mencapai objektif kualiti yang telah ditetapkan;
pelanggan,"b. Pelan Kualiti dan Dokumen Kualiti yang diwujudkan, dilaksanakan bagi memenuhi kehendak pelanggan;"
objektif,"c. Penyediaan Pelan Kualiti dan arahan kerja (di mana perlu), untuk menetapkan bagaimana objektif kualiti akan dicapai; dan"
pelanggan,### 5.1.2 Fokus kepada pelanggan
pengurusan,"Pengurusan Syarikat akan memastikan keperluan pelanggan dikenalpasti, difahami dan dipenuhi dengan tujuan mempertingkatkan lagi kepuasan pelanggan melalui;"
pelanggan,"Pengurusan Syarikat akan memastikan keperluan pelanggan dikenalpasti, difahami dan dipenuhi dengan tujuan mempertingkatkan lagi kepuasan pelanggan melalui;"
pelanggan,5.2.1 Mewujud dan menyelenggarakan Piagam Pelanggan;
pelanggan,"5.2.2 Mewujudkan kaedah bagi pengendalian maklumbalas pelanggan serta cadangan-cadangan
daripada pelanggan berhubung dengan perkhidmatan yang diberikan;"
dasar,5.2.3 Sentiasa mengkaji kehendak pelanggan bagi memastikan keperluan pelanggan dipenuhi berlandaskan dasar dan peraturan baharu yang diperkenalkan dari masa ke semasa; dan
pelanggan,5.2.3 Sentiasa mengkaji kehendak pelanggan bagi memastikan keperluan pelanggan dipenuhi berlandaskan dasar dan peraturan baharu yang diperkenalkan dari masa ke semasa; dan
pelanggan,"5.2.4 Sebarang keperluan baharu daripada pelanggan hendaklah diberi keutamaan selagi ianya tidak bercanggah dengan keperluan perundangan, misi dan visi Syarikat."
pelanggan,Piagam pelanggan OA dinyatakan seperti berikut:
pengurusan,"\begin{table}[th]
\begin{tabular}{p{0.03\textwidth}p{0.5\textwidth}p{0.2\textwidth}p{0.2\textwidth}} \hline
Siri & Piagam & Keperluan & Jangkaan \\ \hline
1. & Melunaskan bayaran kepada pembekal dalam masa 30 hari dari tarikh Arahan Penyerahan (DO). & Proses bayaran yang cekap, telus dan mengutamakan pelanggan. & Wujud saling kepercayaan antara OA dan pembekal. \\
2. & Bertindak terhadap aduan pelanggan dalam tempoh 3 hari (atau lebih awal) dari tarikh aduan diterima. & Menyelesaikan aduan pelanggan secara profesional, kerahsiaan dan berhemah. & Meningkatkan keyakinan pelanggan. \\
3 & Memastikan pelanggan sentiasa dimaklumkan mengenai status projek sekurang-kurang sekali setiap bulan & Bertindak balas secara pro-aktif terhadap sebarang ketidaktentuan & Meningkatkan keyakinan pelanggan. \\
4. & Menyerahkan projek yang dibekalkan (cth. integrasi sistem, pembekalan produk ICT termasuk perkhidmatan senggaraan dan sokongan) sebelum atau pada tarikh yang ditetapkan, tetapi di dalam keadaan kelewatan tidak dapat dielakkan, penyerahan tidak lewat dari 14 hari yang ditetapkan jadual penyerahan. & Proses pemantauan, kawal selia sumber dan pengurusan projek yang cekap dan berkesan & Meningkatkan imej dan prestij OA sebagai rakan kongsi yang berwibawa. \\
5. & Penyerahan dokumen tender mengikut spesifikasi dalam tempoh 72 jam sebelum tarikh tutup. & Penilaian keperluan yang jitu dengan plan kontigensi menghadapi ketidaktentuan. & Memperolehi peluang perniagaan dan meningkatkan daya saing OA. \\ \hline
\end{tabular}
\end{table}"
pelanggan,"\begin{table}[th]
\begin{tabular}{p{0.03\textwidth}p{0.5\textwidth}p{0.2\textwidth}p{0.2\textwidth}} \hline
Siri & Piagam & Keperluan & Jangkaan \\ \hline
1. & Melunaskan bayaran kepada pembekal dalam masa 30 hari dari tarikh Arahan Penyerahan (DO). & Proses bayaran yang cekap, telus dan mengutamakan pelanggan. & Wujud saling kepercayaan antara OA dan pembekal. \\
2. & Bertindak terhadap aduan pelanggan dalam tempoh 3 hari (atau lebih awal) dari tarikh aduan diterima. & Menyelesaikan aduan pelanggan secara profesional, kerahsiaan dan berhemah. & Meningkatkan keyakinan pelanggan. \\
3 & Memastikan pelanggan sentiasa dimaklumkan mengenai status projek sekurang-kurang sekali setiap bulan & Bertindak balas secara pro-aktif terhadap sebarang ketidaktentuan & Meningkatkan keyakinan pelanggan. \\
4. & Menyerahkan projek yang dibekalkan (cth. integrasi sistem, pembekalan produk ICT termasuk perkhidmatan senggaraan dan sokongan) sebelum atau pada tarikh yang ditetapkan, tetapi di dalam keadaan kelewatan tidak dapat dielakkan, penyerahan tidak lewat dari 14 hari yang ditetapkan jadual penyerahan. & Proses pemantauan, kawal selia sumber dan pengurusan projek yang cekap dan berkesan & Meningkatkan imej dan prestij OA sebagai rakan kongsi yang berwibawa. \\
5. & Penyerahan dokumen tender mengikut spesifikasi dalam tempoh 72 jam sebelum tarikh tutup. & Penilaian keperluan yang jitu dengan plan kontigensi menghadapi ketidaktentuan. & Memperolehi peluang perniagaan dan meningkatkan daya saing OA. \\ \hline
\end{tabular}
\end{table}"
dasar,## 5.2 Dasar
dasar,"### 5.2.1 Membangunkan dasar kualiti dan dasar integriti, akauntabiliti dan anti-rasuah"
dasar,Syarikat telah menggubal dasar kualiti yang berikut;
pelanggan,"> **“OpenApps Sdn. Bhd. sentiasa komited kepada penyediaan bagi proses perolehan, pemantauan dan penyampaian perkhidmatan projek integrasi sistem; dan sentiasa memenuhi keperluan pelanggan serta keperluan berkanun dan peraturan yang diguna pakai, seterusnya akan berusaha melaksanakan penambahbaikan yang berterusan ke atas QMS MS ISO 9001:2015”**. "
penambahbaikan,"> **“OpenApps Sdn. Bhd. sentiasa komited kepada penyediaan bagi proses perolehan, pemantauan dan penyampaian perkhidmatan projek integrasi sistem; dan sentiasa memenuhi keperluan pelanggan serta keperluan berkanun dan peraturan yang diguna pakai, seterusnya akan berusaha melaksanakan penambahbaikan yang berterusan ke atas QMS MS ISO 9001:2015”**. "
dasar,"Dasar Integriti, Akauntabiliti dan Anti-Rasuah"
dasar,"Syarikat mengamalkan budaya kerja unggul dengan ciri-ciri moral dan etika yang kukuh, oleh itu Syarikat telah menggubal dasar integriti, akauntabiliti dan anti-rasuah sebagai pandu arah di dalam setiap urusniaga;"
pelanggan,"> ""**OpenApps Sdn. Bhd. berpegang kepada nilai-nilai murni integriti dan akauntabiliti, dengan itu secara tegas menolak amalan-amalan rasuah untuk menjaga kredibiliti dan kepercayaan pelanggan kepada syarikat**""."
dasar,### 5.2.2 Mengkomunikasikan dasar kualiti dan dasar integriti
komunikasi,### 5.2.2 Mengkomunikasikan dasar kualiti dan dasar integriti
dasar,"Pengurusan Syarikat hendaklah memastikan dasar kualiti; dan dasar integriti, akauntabiliti dan anti-rasuah sentiasa:"
pengurusan,"Pengurusan Syarikat hendaklah memastikan dasar kualiti; dan dasar integriti, akauntabiliti dan anti-rasuah sentiasa:"
pengurusan,c. Mempastikan ia dibawa ke dalam agenda Kajian Semula Pengurusan untuk mencapai kepuasan pelanggan yang berterusan;
pelanggan,c. Mempastikan ia dibawa ke dalam agenda Kajian Semula Pengurusan untuk mencapai kepuasan pelanggan yang berterusan;
penambahbaikan,d. Melaksanakan penambahbaikan bagi meningkatkan keberkesanan sistem secara berterusan;
objektif,f. Mempastikan kedua-dua dasar digunapakai sebagai asas untuk merangka objektif kualiti.
dasar,f. Mempastikan kedua-dua dasar digunapakai sebagai asas untuk merangka objektif kualiti.
tanggungjawab,"## 5.3 Peranan, tanggungjawab dan bidang kuasa organisasi"
tanggungjawab,### 5.3.1 Tanggungjawab dan kuasa
pengurusan,"Pengurusan Syarikat hendaklah mengenalpasti dan mendokumenkan tanggungjawab dan tugas-tugas setiap kakitangan. Tanggungjawab kakitangan dijelaskan melalui carta organisasi, senarai tugas, Fail Meja dan Piagam Pelanggan Syarikat."
tanggungjawab,"Pengurusan Syarikat hendaklah mengenalpasti dan mendokumenkan tanggungjawab dan tugas-tugas setiap kakitangan. Tanggungjawab kakitangan dijelaskan melalui carta organisasi, senarai tugas, Fail Meja dan Piagam Pelanggan Syarikat."
senarai,"Pengurusan Syarikat hendaklah mengenalpasti dan mendokumenkan tanggungjawab dan tugas-tugas setiap kakitangan. Tanggungjawab kakitangan dijelaskan melalui carta organisasi, senarai tugas, Fail Meja dan Piagam Pelanggan Syarikat."
pelanggan,"Pengurusan Syarikat hendaklah mengenalpasti dan mendokumenkan tanggungjawab dan tugas-tugas setiap kakitangan. Tanggungjawab kakitangan dijelaskan melalui carta organisasi, senarai tugas, Fail Meja dan Piagam Pelanggan Syarikat."
pengurusan,### 5.3.2 Wakil Pengurusan
pengurusan,MD hendaklah melantik Wakil Pengurusan yang akan mempunyai tanggungjawab berikut:
tanggungjawab,MD hendaklah melantik Wakil Pengurusan yang akan mempunyai tanggungjawab berikut:
pengurusan,b. Melapor kepada Pengurusan Syarikat mengenai kemajuan QMS;
penambahbaikan,c. Memastikan kesedaran ke atas usaha-usaha penambahbaikan dimaklumkan kepada kakitangan;dan
pengurusan,MD/Wakil Pengurusan boleh melantik seorang Timbalan Wakil Pengurusan yang akan bertanggungjawab membantu tugas Wakil Pengurusan secara sementara/tetap semasa ketiadaannya.
tanggungjawab,MD/Wakil Pengurusan boleh melantik seorang Timbalan Wakil Pengurusan yang akan bertanggungjawab membantu tugas Wakil Pengurusan secara sementara/tetap semasa ketiadaannya.
objektif,6.1.1 Syarikat setelah mengambil kira serta mempertimbangkan isu yang disebutkan dalam 4.1 dan keperluan yang disebutkan dalam 4.2 telah menentukan risiko dan peluang seperti di lampiran H. Penilaian dan pengurusan risiko dilaksanakan bagi mencapai objektif-objektif berikut:
pengurusan,6.1.1 Syarikat setelah mengambil kira serta mempertimbangkan isu yang disebutkan dalam 4.1 dan keperluan yang disebutkan dalam 4.2 telah menentukan risiko dan peluang seperti di lampiran H. Penilaian dan pengurusan risiko dilaksanakan bagi mencapai objektif-objektif berikut:
pengurusan,"a. memberi jaminan bahawa sistem pengurusan kualiti boleh mencapai hasil yang
dimaksudkan;"
penambahbaikan,d. mencapai penambahbaikan.
pengurusan,"1) mengintegrasikan, dan melaksanakan tindakan itu ke dalam proses sistem pengurusan kualiti (lihat 4.4); 
2) menilai keberkesanan tindakan ini."
objektif,## 6.2 Objektif kualiti dan perancangan untuk mencapainya (Lihat Pengurusan Strategi dan prestasi)
pengurusan,## 6.2 Objektif kualiti dan perancangan untuk mencapainya (Lihat Pengurusan Strategi dan prestasi)
prestasi,## 6.2 Objektif kualiti dan perancangan untuk mencapainya (Lihat Pengurusan Strategi dan prestasi)
objektif,"### 6.2.1 Objektif kualiti pada fungsi, aras dan proses yang relevan yang diperlukan"
objektif,"Syarikat hendaklah mewujudkan objektif kualiti pada fungsi, aras dan proses yang relevan yang diperlukan untuk sistem pengurusan kualiti. Objektif kualiti hendaklah:"
pengurusan,"Syarikat hendaklah mewujudkan objektif kualiti pada fungsi, aras dan proses yang relevan yang diperlukan untuk sistem pengurusan kualiti. Objektif kualiti hendaklah:"
dasar,a. tekal dengan dasar kualiti;
ukur,b. boleh diukur;
pelanggan,"d. relevan dengan keakuran produk dan perkhidmatan, dan peningkatan kepuasan pelanggan;"
komunikasi,f. dikomunikasikan;
objektif,### 6.2.2 Strategi dan perancangan untuk mencapai objektif kualiti
objektif,Pengurusan Syarikat akan memastikan objektif kualiti termasuk keperluan-keperluan penyampaian perkhidmatan diwujudkan bagi aktiviti yang relevan kepada pencapaian dasar kualiti. Objektif-objektif ini diukur dan selaras dengan dasar kualiti. Objektif-objektif kualiti Syarikat diukur dan dipantau menggunakan pendekatan *Balanced Scorecard* (BSC). Senarai objektif kualiti dan pengukuran seperti di lampiran I.
dasar,Pengurusan Syarikat akan memastikan objektif kualiti termasuk keperluan-keperluan penyampaian perkhidmatan diwujudkan bagi aktiviti yang relevan kepada pencapaian dasar kualiti. Objektif-objektif ini diukur dan selaras dengan dasar kualiti. Objektif-objektif kualiti Syarikat diukur dan dipantau menggunakan pendekatan *Balanced Scorecard* (BSC). Senarai objektif kualiti dan pengukuran seperti di lampiran I.
pengurusan,Pengurusan Syarikat akan memastikan objektif kualiti termasuk keperluan-keperluan penyampaian perkhidmatan diwujudkan bagi aktiviti yang relevan kepada pencapaian dasar kualiti. Objektif-objektif ini diukur dan selaras dengan dasar kualiti. Objektif-objektif kualiti Syarikat diukur dan dipantau menggunakan pendekatan *Balanced Scorecard* (BSC). Senarai objektif kualiti dan pengukuran seperti di lampiran I.
ukur,Pengurusan Syarikat akan memastikan objektif kualiti termasuk keperluan-keperluan penyampaian perkhidmatan diwujudkan bagi aktiviti yang relevan kepada pencapaian dasar kualiti. Objektif-objektif ini diukur dan selaras dengan dasar kualiti. Objektif-objektif kualiti Syarikat diukur dan dipantau menggunakan pendekatan *Balanced Scorecard* (BSC). Senarai objektif kualiti dan pengukuran seperti di lampiran I.
senarai,Pengurusan Syarikat akan memastikan objektif kualiti termasuk keperluan-keperluan penyampaian perkhidmatan diwujudkan bagi aktiviti yang relevan kepada pencapaian dasar kualiti. Objektif-objektif ini diukur dan selaras dengan dasar kualiti. Objektif-objektif kualiti Syarikat diukur dan dipantau menggunakan pendekatan *Balanced Scorecard* (BSC). Senarai objektif kualiti dan pengukuran seperti di lampiran I.
pengurusan,"Apabila syarikat menentukan keperluan untuk mengubah sistem pengurusan kualiti, perubahan itu hendaklah dilaksanakan dengan cara yang terancang (lihat 4.4). Perancangan strategi Syarikat melalui BSC menetapkan hala tuju serta pencapaian Syarikat bertempoh, setelah mengambil kira perubahan-perubahan yang dijangkakan; dalam pada itu, Syarikat perlu peka kepada perubahan persekitaran terutama keperluan pelanggan dan pro-aktif di dalam mendepani keadaan yang tidak dijangka. Syarikat hendaklah memberi pertimbangan terhadap:"
pelanggan,"Apabila syarikat menentukan keperluan untuk mengubah sistem pengurusan kualiti, perubahan itu hendaklah dilaksanakan dengan cara yang terancang (lihat 4.4). Perancangan strategi Syarikat melalui BSC menetapkan hala tuju serta pencapaian Syarikat bertempoh, setelah mengambil kira perubahan-perubahan yang dijangkakan; dalam pada itu, Syarikat perlu peka kepada perubahan persekitaran terutama keperluan pelanggan dan pro-aktif di dalam mendepani keadaan yang tidak dijangka. Syarikat hendaklah memberi pertimbangan terhadap:"
pengurusan,b. integriti sistem pengurusan kualiti;
tanggungjawab,d. pengagihan atau pengagihan semula tanggungjawab dan bidang kuasa.
pengurusan,"Pihak pengurusan Syarikat akan menentukan dan menyediakan sumber yang diperlukan bagi mewujudkan, melaksanakan, menyelenggarakan, dan menambah baik secara berterusan sistem pengurusan kualiti."
pengurusan,Syarikat hendaklah mempastikan kakitangan-kakitangan mempunyai kemahiran dan kepakaran dalam bidang kerja yang dipertanggungjawabkan. Keperluan sumber manusia hendaklah dirancang mengikut proses yang ditetapkan oleh MD dan pihak pengurusan.
tanggungjawab,Syarikat hendaklah mempastikan kakitangan-kakitangan mempunyai kemahiran dan kepakaran dalam bidang kerja yang dipertanggungjawabkan. Keperluan sumber manusia hendaklah dirancang mengikut proses yang ditetapkan oleh MD dan pihak pengurusan.
pengurusan,Pihak pengurusan Syarikat komited dalam menyediakan kemudahan prasarana bagi mengendalikan proses perolehan pemantauan dan penyampaian perkhidmatan projek integrasi sistem yang cekap dan berkesan. Kemudahan prasarana dan penyelenggaraan termasuk:
komunikasi,d. Kemudahan komunikasi; dan
pengurusan,"Pengurusan Syarikat hendaklah memastikan dan menyediakan persekitaran kerja yang kondusif dan ceria serta mengutamakan budaya kualiti dan etika kerja yang memberi kesan positif ke atas produktiviti kakitangan Syarikat. Pengurusan Syarikat akan memastikan penyelenggaraan dan pengurusan ruang-ruang kerja adalah memenuhi keperluan kakitangan sebagaimana yang ditetapkan mengikut peraturan am keselamatan, kebajikan, kesihatan dan keselesaan persekitaran di tempat
kerja."
ukur,### 7.1.5 Sumber pemantauan dan pengukuran
ukur,#### 7.1.5.2 Kebolehkesanan pengukuran
pengurusan,Pengurusan Syarikat tidak menggunapakai Seksyen 7.1.5 iaitu sumber pemantauan dan pengukuran kerana perkhidmatan yang diberikan kepada pelanggan tidak melibatkan sebarang alatan pengukuran.
ukur,Pengurusan Syarikat tidak menggunapakai Seksyen 7.1.5 iaitu sumber pemantauan dan pengukuran kerana perkhidmatan yang diberikan kepada pelanggan tidak melibatkan sebarang alatan pengukuran.
pelanggan,Pengurusan Syarikat tidak menggunapakai Seksyen 7.1.5 iaitu sumber pemantauan dan pengukuran kerana perkhidmatan yang diberikan kepada pelanggan tidak melibatkan sebarang alatan pengukuran.
pengurusan,"Pihak pengurusan Syarikat hendaklah menentukan pengetahuan yang diperlukan untuk operasi prosesnya dan bagi mencapai keakuran produk dan perkhidmatan. Keperluan ini ditetapkan, diukur serta dipantau di dalam perspektif Kapasiti Organisasi (L&G) BSC Syarikat."
ukur,"Pihak pengurusan Syarikat hendaklah menentukan pengetahuan yang diperlukan untuk operasi prosesnya dan bagi mencapai keakuran produk dan perkhidmatan. Keperluan ini ditetapkan, diukur serta dipantau di dalam perspektif Kapasiti Organisasi (L&G) BSC Syarikat."
kompeten,## 7.2 Kekompetenan
pengurusan,Pihak pengurusan Syarikat akan memastikan semua kakitangan Syarikat yang berkenaan adalah cekap untuk melaksanakan tugas-tugas serta jelas mengenai tanggungjawab seperti dikehendaki oleh standard. Pengurusan Syarikat hendaklah:
tanggungjawab,Pihak pengurusan Syarikat akan memastikan semua kakitangan Syarikat yang berkenaan adalah cekap untuk melaksanakan tugas-tugas serta jelas mengenai tanggungjawab seperti dikehendaki oleh standard. Pengurusan Syarikat hendaklah:
rekod,"d. Menyelenggara rekod-rekod pengendalian latihan, keterampilan dan kelayakan;"
kawalan,Pengurusan Syarikat bertanggungjawab memastikan bahawa pegawai dan staf di bawah kawalannya mengetahui tentang:
pengurusan,Pengurusan Syarikat bertanggungjawab memastikan bahawa pegawai dan staf di bawah kawalannya mengetahui tentang:
tanggungjawab,Pengurusan Syarikat bertanggungjawab memastikan bahawa pegawai dan staf di bawah kawalannya mengetahui tentang:
dasar, a. dasar kualiti;
objektif, b. objektif kualiti yang relevan;
pengurusan," c. sumbangan mereka kepada keberkesanan sistem pengurusan kualiti, termasuk manfaat prestasi yang ditambah baik; dan"
prestasi," c. sumbangan mereka kepada keberkesanan sistem pengurusan kualiti, termasuk manfaat prestasi yang ditambah baik; dan"
pengurusan, d. implikasi jika tidak mengakuri keperluan sistem pengurusan kualiti.
komunikasi,## 7.4 Komunikasi
pengurusan,Pengurusan Syarikat memastikan kaedah komunikasi dalaman yang sesuai diwujudkan melalui instrumen berikut:
komunikasi,Pengurusan Syarikat memastikan kaedah komunikasi dalaman yang sesuai diwujudkan melalui instrumen berikut:
rekod," Dokumentasi QMS akan meliputi rekod-rekod mengenai keputusan-keputusan pihak pengurusan Syarikat untuk memastikan tindakan-tindakan berkaitan pengurusan dan dasar dapat dikesan, dan memastikan keputusan yang direkodkan dapat dihasilkan semula. (Lihat Seksyen 4.4.1)
 
### 7.5.3 Kawalan maklumat didokumentasikan"
dasar," Dokumentasi QMS akan meliputi rekod-rekod mengenai keputusan-keputusan pihak pengurusan Syarikat untuk memastikan tindakan-tindakan berkaitan pengurusan dan dasar dapat dikesan, dan memastikan keputusan yang direkodkan dapat dihasilkan semula. (Lihat Seksyen 4.4.1)
 
### 7.5.3 Kawalan maklumat didokumentasikan"
kawalan," Dokumentasi QMS akan meliputi rekod-rekod mengenai keputusan-keputusan pihak pengurusan Syarikat untuk memastikan tindakan-tindakan berkaitan pengurusan dan dasar dapat dikesan, dan memastikan keputusan yang direkodkan dapat dihasilkan semula. (Lihat Seksyen 4.4.1)
 
### 7.5.3 Kawalan maklumat didokumentasikan"
pengurusan," Dokumentasi QMS akan meliputi rekod-rekod mengenai keputusan-keputusan pihak pengurusan Syarikat untuk memastikan tindakan-tindakan berkaitan pengurusan dan dasar dapat dikesan, dan memastikan keputusan yang direkodkan dapat dihasilkan semula. (Lihat Seksyen 4.4.1)
 
### 7.5.3 Kawalan maklumat didokumentasikan"
kawalan,Kawalan Dokumen
kawalan, Prosedur bagi kawalan dokumen disediakan meliputi perkara-perkara berikut:
kawalan, Kawalan Ke Atas Dokumen dilaksanakan sebagaimana berikut:
kawalan,"a. Dokumen Kualiti yang perlu dikawal ialah Manual Kualiti, Prosedur Kualiti, Arahan Kerja dan Dokumen-dokumen Sokongan termasuk kawalan ke atas dokumen luaran."
pengurusan,"b. Wakil Pengurusan adalah bertanggungjawab untuk memastikan dokumen-dokumen kualiti yang dirujuk dalam QMS adalah terkini dan ditempatkan di Bilik Fail, dikawal oleh Pengurus Dokumen dan hendaklah mudah dirujuk oleh kakitangan yang memerlukan. Jika dokumen kualiti disimpan secara elektronik sistem ‘Back-up’ hendaklah diwujudkan."
tanggungjawab,"b. Wakil Pengurusan adalah bertanggungjawab untuk memastikan dokumen-dokumen kualiti yang dirujuk dalam QMS adalah terkini dan ditempatkan di Bilik Fail, dikawal oleh Pengurus Dokumen dan hendaklah mudah dirujuk oleh kakitangan yang memerlukan. Jika dokumen kualiti disimpan secara elektronik sistem ‘Back-up’ hendaklah diwujudkan."
tanggungjawab,d. Pemegang dokumen dan nombor salinan dokumen dikenalpasti melalui senarai edaran. Senarai edaran diselenggarakan oleh Pengurus Dokumen. Pemegang Dokumen adalah dipertanggungjawabkan untuk mengemaskini pindaan terkini dalam Dokumen Terkawal yang diedarkan sebelum ini.
senarai,d. Pemegang dokumen dan nombor salinan dokumen dikenalpasti melalui senarai edaran. Senarai edaran diselenggarakan oleh Pengurus Dokumen. Pemegang Dokumen adalah dipertanggungjawabkan untuk mengemaskini pindaan terkini dalam Dokumen Terkawal yang diedarkan sebelum ini.
senarai,e. Dokumen Kualiti yang perlu diedarkan kepada Eksekutif sepertimana senarai pemegang dokumen terkawal di muka surat 6 ditanda sebagai **SALINAN DOKUMEN TERKAWAL** di setiap muka surat dokumen.
senarai,"f. Satu senarai induk yang mengandungi semua dokumen kualiti yang digunakan dalam QMS berkenaan disediakan di dalam Manual Kualiti di lampiran E, F dan G. Senarai ini hendaklah dikemaskini dari semasa ke semasa apabila berlaku perubahan."
senarai,"g. Seorang Pengurus Dokumen hendaklah dilantik oleh MD bagi menyelenggara naskah dokumen Terkawal, menyelaras pindaan dokumen dan edaran serta mengemaskini senarai edaran dokumen."
pengurusan,c. Wakil Pengurusan bertanggungjawab mengedarkan semua pindaan kepada Pengurus Dokumen. Pengurus Dokumen bertanggungjawab mengemaskini dan memasukkan semua pindaan berkaitan dan mengeluarkan dokumen yang dibatalkan serta melupuskannya mengikut kaedah yang ditetapkan oleh MD.
tanggungjawab,c. Wakil Pengurusan bertanggungjawab mengedarkan semua pindaan kepada Pengurus Dokumen. Pengurus Dokumen bertanggungjawab mengemaskini dan memasukkan semua pindaan berkaitan dan mengeluarkan dokumen yang dibatalkan serta melupuskannya mengikut kaedah yang ditetapkan oleh MD.
pengurusan,"d. Jika keseluruhan Dokumen Terkawal dipinda, dokumen asal perlu dikembalikan kepada Wakil Pengurusan dan digantikan dengan Dokumen Terkawal yang terkini."
senarai,e. Satu salinan Dokumen Terkawal asal yang tidak dipinda perlu disimpan dan ditanda **BATAL** dengan dakwat berwarna **MERAH.** Senarai Pindaan yang berkaitan juga perlu dikemaskini.
kawalan,## 8.1. Perancangan dan kawalan operasi
objektif,"Pengurusan Syarikat akan menentukan Objektif Kualiti dan proses-proses kerja didokumen dan dilaksanakan bagi memastikan keperluan-keperluan pelanggan dan arahan-arahan serta pekeliling-pekeliling berkaitan yang berkuatkuasa dipatuhi. Pengurusan Syarikat akan menentukan pendekatan proses yang terancang meliputi proses perolehan, pemantauan dan penyampaian perkhidmatan projek integrasi sistem; seperti berikut:"
pengurusan,"Pengurusan Syarikat akan menentukan Objektif Kualiti dan proses-proses kerja didokumen dan dilaksanakan bagi memastikan keperluan-keperluan pelanggan dan arahan-arahan serta pekeliling-pekeliling berkaitan yang berkuatkuasa dipatuhi. Pengurusan Syarikat akan menentukan pendekatan proses yang terancang meliputi proses perolehan, pemantauan dan penyampaian perkhidmatan projek integrasi sistem; seperti berikut:"
pelanggan,"Pengurusan Syarikat akan menentukan Objektif Kualiti dan proses-proses kerja didokumen dan dilaksanakan bagi memastikan keperluan-keperluan pelanggan dan arahan-arahan serta pekeliling-pekeliling berkaitan yang berkuatkuasa dipatuhi. Pengurusan Syarikat akan menentukan pendekatan proses yang terancang meliputi proses perolehan, pemantauan dan penyampaian perkhidmatan projek integrasi sistem; seperti berikut:"
objektif,"8.1.1 Objektif Kualiti dan Dasar Kualiti bagi proses perolehan, pemantauan dan penyampaian perkhidmatan projek integrasi sistem yang terlibat;"
dasar,"8.1.1 Objektif Kualiti dan Dasar Kualiti bagi proses perolehan, pemantauan dan penyampaian perkhidmatan projek integrasi sistem yang terlibat;"
rekod,8.1.4 Rekod-rekod yang diperlukan diselenggarakan sebagai bukti dari perlaksanaan QMS MS ISO 9001:2015; dan
komunikasi,### 8.2.1 Komunikasi dengan pelanggan
pelanggan,### 8.2.1 Komunikasi dengan pelanggan
pengurusan,Pengurusan Syarikat akan menyediakan kemudahan komunikasi yang terancang dan berkesan dengan pelanggan melalui:
komunikasi,Pengurusan Syarikat akan menyediakan kemudahan komunikasi yang terancang dan berkesan dengan pelanggan melalui:
pelanggan,Pengurusan Syarikat akan menyediakan kemudahan komunikasi yang terancang dan berkesan dengan pelanggan melalui:
pengurusan,"Pengurusan Syarikat akan menentukan bahawa proses perolehan, pemantauan projek dan penyampaian perkhidmatan integrasi sistem dijalankan meliputi perkara-perkara berikut:"
pelanggan,a. Memastikan keperluan dinyatakan oleh pelanggan yang meliputi proses penerimaan dan selepas penerimaan perkhidmatan yang disampaikan;
pelanggan,b. Keperluan yang tidak dinyatakan oleh pelanggan dan didapati perlu untuk dinyatakan;
pengurusan,Pengurusan Syarikat akan mengkaji semula kehendak-kehendak pelanggan sebelum memberi sesuatu perkhidmatan pelanggan. Kajian semula ini sekurang-kurangnya mengandungi ciri-ciri berikut:
pelanggan,Pengurusan Syarikat akan mengkaji semula kehendak-kehendak pelanggan sebelum memberi sesuatu perkhidmatan pelanggan. Kajian semula ini sekurang-kurangnya mengandungi ciri-ciri berikut:
pelanggan,"a. Kajian semula keperluan proses perolehan, pemantauan projek dan penyampaian perkhidmatan projek integrasi sistem mengambil kira cadangan-cadangan pelanggan selagi ia tidak bercanggah dengan Akta dan Peraturan yang berkaitan;"
pengurusan,"b. Sekiranya berlaku sebarang perubahan kepada keperluan-keperluan produk atau perkhidmatan, pengurusan Syarikat akan memastikan semua dokumen yang terlibat diselaraskan melalui pindaan prosedur kualiti yang terlibat. Sebarang perubahan berlaku akan dimaklumkan kepada semua yang terlibat dan latihan tambahan akan diberikan mengikut keperluan semasa; dan"
pengurusan,c. Pengurusan Syarikat hendaklah mengambil kira semua keperluan-keperluan terkini yang ditetapkan dari semasa ke semasa.
pengurusan,"Pengurusan Syarikat hendaklah memastikan bahawa maklumat didokumentasikan yang relevan dipinda, dan bahawa orang yang berkaitan dimaklumkan tentang keperluan yang berubah,
apabila keperluan untuk produk dan perkhidmatan diubah."
pengurusan,Pengurusan Syarikat tidak menggunapakai Seksyen 8.3 iaitu rekabentuk dan pembangunan produk dan perkhidmatan kerana perkhidmatan yang diberikan kepada pelanggan tidak melibatkan sebarang aktiviti rekabentuk.
pelanggan,Pengurusan Syarikat tidak menggunapakai Seksyen 8.3 iaitu rekabentuk dan pembangunan produk dan perkhidmatan kerana perkhidmatan yang diberikan kepada pelanggan tidak melibatkan sebarang aktiviti rekabentuk.
kawalan,"## 8.4 Kawalan terhadap proses, produk dan perkhidmatan sediaan luar"
pengurusan,Pengurusan Syarikat tidak menggunapakai Seksyen 8.4 iaitu rekabentuk dan pembangunan produk dan perkhidmatan kerana perkhidmatan yang diberikan kepada pelanggan tidak melibatkan sebarang aktiviti rekabentuk.
pelanggan,Pengurusan Syarikat tidak menggunapakai Seksyen 8.4 iaitu rekabentuk dan pembangunan produk dan perkhidmatan kerana perkhidmatan yang diberikan kepada pelanggan tidak melibatkan sebarang aktiviti rekabentuk.
pengurusan,Pengurusan Syarikat hendaklah melaksanakan dan menyelenggara prosedur-prosedur yang telah didokumenkan bagi menentukan produk dan perkhidmatan yang diperolehi secara pembelian sentiasa memenuhi keperluan dan perundangan yang berkuat kuasa.
pengurusan,Pengurusan Syarikat hendaklah menguruskan aktiviti perolehan bekalan produk dan perkhidmatan mengikut peraturan kewangan yang ditetapkan oleh Perbendaharaan Malaysia melalui kaedah-kaedah berikut:
kawalan,### 8.5.1 Kawalan penyediaan pengeluaran dan perkhidmatan
pengurusan,"f. Memastikan kakitangan yang terlibat dalam proses perolehan, pemantauan projek dan penyampaian perkhidmatan integrasi sistem adalah terlatih, mahir dan berkualiti serta memastikan kakitangan yang terlibat sentiasa memenuhi keperluan kualiti yang ditetapkan oleh pengurusan Syarikat; dan"
pelanggan,"g. Menyediakan maklumat mengenai proses perolehan, pemantauan projek dan penyampaian perkhidmatan integrasi sistem untuk keperluan pelanggan."
pengurusan,"Pengurusan Syarikat akan memastikan proses pengenalpastian dan kebolehkesanan bagi proses-proses yang terlibat dilaksanakan untuk mencapai hasil seperti yang dirancang. Ini bagi mengenalpasti kelemahan yang berlaku setelah penyampaian perkhidmatan dilaksanakan. Pengenalpastian dan kebolehkesanan ini bertujuan untuk mencapai kualiti penyediaan perkhidmatan dokumentasi seperti yang dirancangkan. Untuk tujuan tersebut, pengurusan Syarikat akan menentukan perkara-perkara berikut:"
rekod,Syarikat hendaklah mengenalpasti dan mewujudkan rekod bagi tujuan identifikasi dan kemudahkesanan penyimpanan dokumen. Penyusunan dokumen-dokumen di dalam rak dikesan melalui nombor panggilan.
pelanggan,### 8.5.3 Harta kepunyaan pelanggan atau penyedia luar
pengurusan,Pengurusan Syarikat tidak menyimpan harta milik pelanggan.
pelanggan,Pengurusan Syarikat tidak menyimpan harta milik pelanggan.
pengurusan,Pengurusan Syarikat bertanggungjawab mewujudkan prosedur penyimpanan dokumen di Bilik Fail bagi mengelakkan kerosakan dan memudahkan dokumen diperolehi apabila diperlukan. Semua bahan disimpan dalam persekitaran yang sesuai untuk mengelak kerosakan.
tanggungjawab,Pengurusan Syarikat bertanggungjawab mewujudkan prosedur penyimpanan dokumen di Bilik Fail bagi mengelakkan kerosakan dan memudahkan dokumen diperolehi apabila diperlukan. Semua bahan disimpan dalam persekitaran yang sesuai untuk mengelak kerosakan.
pengurusan,Pengurusan Syarikat hendaklah memenuhi keperluan bagi aktiviti selepas hantar serah yang berkaitan dengan produk dan perkhidmatan.
pelanggan,d. keperluan pelanggan;
pelanggan,e. maklum balas pelanggan.
kawalan,### 8.5.6 Kawalan perubahan
pengurusan,"Pengurusan Syarikat hendaklah menyemak semula dan mengawal perubahan terhadap pengeluaran atau penyediaan perkhidmatan, 
setakat yang perlu bagi memastikan keakuran berterusan terhadap keperluan. Pengurusan Syarikat hendaklah mengekalkan maklumat didokumentasikan yang memerihalkan hasil kajian semula perubahan, orang yang membenarkan perubahan, dan apa-apa tindakan yang perlu hasil daripada kajian semula itu."
pengurusan,"Pengurusan Syarikat hendaklah melaksanakan perkiraan terancang, pada tahap yang sesuai, untuk menentusahkan bahawa keperluan produk dan perkhidmatan telah dipenuhi."
pelanggan,"Pelepasan produk dan perkhidmatan kepada pelanggan tidak perlu diteruskan sehingga perkiraan terancang disiapkan dengan memuaskan, melainkan jika diluluskan sebaliknya oleh pihak berkuasa yang relevan dan, jika berkenaan, oleh pelanggan."
pengurusan,Pengurusan Syarikat hendaklah mengekalkan maklumat didokumentasikan tentang pelepasan produk dan perkhidmatan. Maklumat didokumentasikan ini hendaklah termasuk:
kawalan,## 8.7 Kawalan output tak akur
dasar,"Pengurusan Syarikat hendaklah menyediakan prosedur bagi memastikan produk sentiasa memenuhi keperluan yang ditetapkan. Pengurusan Syarikat akan mengenalpasti output tak akur dan pengasingan dilakukan serta tindakan pembetulan akan dilaksanakan berdasarkan prosedur tindakan pembetulan yang berkuatkuasa. Output tak akur adalah dokumen-dokumen proses perolehan, pemantauan projek dan penyampaian perkhidmatan integrasi sistem yang tidak diselenggara dengan betul. Semua output tak akur hendaklah dikenalpasti oleh Pengurusan Syarikat bagi menentukan sebarang kepincangan atau ketidakpatuhan akan diambil tindakan pembetulan, pencegahan serta penambahbaikan yang diperlukan."
pengurusan,"Pengurusan Syarikat hendaklah menyediakan prosedur bagi memastikan produk sentiasa memenuhi keperluan yang ditetapkan. Pengurusan Syarikat akan mengenalpasti output tak akur dan pengasingan dilakukan serta tindakan pembetulan akan dilaksanakan berdasarkan prosedur tindakan pembetulan yang berkuatkuasa. Output tak akur adalah dokumen-dokumen proses perolehan, pemantauan projek dan penyampaian perkhidmatan integrasi sistem yang tidak diselenggara dengan betul. Semua output tak akur hendaklah dikenalpasti oleh Pengurusan Syarikat bagi menentukan sebarang kepincangan atau ketidakpatuhan akan diambil tindakan pembetulan, pencegahan serta penambahbaikan yang diperlukan."
penambahbaikan,"Pengurusan Syarikat hendaklah menyediakan prosedur bagi memastikan produk sentiasa memenuhi keperluan yang ditetapkan. Pengurusan Syarikat akan mengenalpasti output tak akur dan pengasingan dilakukan serta tindakan pembetulan akan dilaksanakan berdasarkan prosedur tindakan pembetulan yang berkuatkuasa. Output tak akur adalah dokumen-dokumen proses perolehan, pemantauan projek dan penyampaian perkhidmatan integrasi sistem yang tidak diselenggara dengan betul. Semua output tak akur hendaklah dikenalpasti oleh Pengurusan Syarikat bagi menentukan sebarang kepincangan atau ketidakpatuhan akan diambil tindakan pembetulan, pencegahan serta penambahbaikan yang diperlukan."
ketakakuran,a. memerihalkan ketakakuran;
ketakakuran,d. mengenal pasti kuasa yang memutuskan tindakan berkenaan dengan ketakakuran.
prestasi,# 9.0 Penilaian prestasi
ukur,"## 9.1 Pemantauan, pengukuran, analisis dan penilaian"
pengurusan,"Pengurusan Syarikat hendaklah merancang, mewujud dan melaksanakan proses pemantauan bagi pengukuran, analisis dan penambahbaikan QMS. Pengurusan Syarikat hendaklah menyediakan prosedur bagi memantau dan mengukur proses perolehan, pemantauan projek dan penyampaian perkhidmatan integrasi sistem dilaksanakan secara berterusan. Pengurusan Syarikat hendaklah mengguna pakai teknik-teknik statistik bagi tujuan penambah baikan yang berterusan."
ukur,"Pengurusan Syarikat hendaklah merancang, mewujud dan melaksanakan proses pemantauan bagi pengukuran, analisis dan penambahbaikan QMS. Pengurusan Syarikat hendaklah menyediakan prosedur bagi memantau dan mengukur proses perolehan, pemantauan projek dan penyampaian perkhidmatan integrasi sistem dilaksanakan secara berterusan. Pengurusan Syarikat hendaklah mengguna pakai teknik-teknik statistik bagi tujuan penambah baikan yang berterusan."
penambahbaikan,"Pengurusan Syarikat hendaklah merancang, mewujud dan melaksanakan proses pemantauan bagi pengukuran, analisis dan penambahbaikan QMS. Pengurusan Syarikat hendaklah menyediakan prosedur bagi memantau dan mengukur proses perolehan, pemantauan projek dan penyampaian perkhidmatan integrasi sistem dilaksanakan secara berterusan. Pengurusan Syarikat hendaklah mengguna pakai teknik-teknik statistik bagi tujuan penambah baikan yang berterusan."
pelanggan,### 9.1.2 Kepuasan pelanggan
pengurusan,"Pengurusan Syarikat menyediakan kaedah untuk mengukur kepuasan pelanggan tehadap perkhidmatan yang dibekalkan. Kepuasan pelanggan diukur melalui kaedah maklumbalas pelanggan, Audit dalaman dan hendaklah dibentangkan dalam Mesyuarat Kajian Semula Pengurusan."
ukur,"Pengurusan Syarikat menyediakan kaedah untuk mengukur kepuasan pelanggan tehadap perkhidmatan yang dibekalkan. Kepuasan pelanggan diukur melalui kaedah maklumbalas pelanggan, Audit dalaman dan hendaklah dibentangkan dalam Mesyuarat Kajian Semula Pengurusan."
pelanggan,"Pengurusan Syarikat menyediakan kaedah untuk mengukur kepuasan pelanggan tehadap perkhidmatan yang dibekalkan. Kepuasan pelanggan diukur melalui kaedah maklumbalas pelanggan, Audit dalaman dan hendaklah dibentangkan dalam Mesyuarat Kajian Semula Pengurusan."
pengurusan,Pengurusan Syarikat hendaklah mengenalpasti kaedah bagi menganalisis data yang berkaitan dalam menentukan pelaksanaan QMS sentiasa berkesan. Analisis data akan meliputi sumber-sumber bagi tindakan penambahbaikan ke atas QMS. Analisis data hendaklah menyalurkan maklumat-maklumat berikut:
penambahbaikan,Pengurusan Syarikat hendaklah mengenalpasti kaedah bagi menganalisis data yang berkaitan dalam menentukan pelaksanaan QMS sentiasa berkesan. Analisis data akan meliputi sumber-sumber bagi tindakan penambahbaikan ke atas QMS. Analisis data hendaklah menyalurkan maklumat-maklumat berikut:
pelanggan,b. tahap kepuasan pelanggan;
pengurusan,c. prestasi dan keberkesanan sistem pengurusan kualiti;
prestasi,c. prestasi dan keberkesanan sistem pengurusan kualiti;
prestasi,f. prestasi penyedia luar;
pengurusan,g. keperluan untuk menambah baik sistem pengurusan kualiti
pengurusan,Audit dalaman hendaklah dijadualkan dan dijalankan oleh Eksekutif terlatih dan laporan Audit dalaman dibentangkan dalam Mesyuarat Kajian Semula Pengurusan dan hendaklah mengambil tindakan pembetulan ke atas kelemahan yang dikesan. Audit susulan akan dijalankan untuk mengesan keberkesanan tindakan pembetulan dan laporan susulan disediakan bagi makluman kepada Pengurusan Syarikat.
pengurusan,Pengurusan Syarikat akan melatih dan melantik Juru Audit dalaman untuk menjalankan Audit dalaman sekurang-kurangnya dua kali setahun untuk memastikan QMS memenuhi perkara-perkara berikut;
objektif,a. Selaras dengan perancangan strategik dan objektif kualiti;
rekod,"Satu prosedur perlu didokumenkan bagi menjelaskan tanggungjawab-tanggungjawab, perancangan dan syarat-syarat menjalankan audit. Hasil laporan Audit dalaman hendaklah direkodkan."
tanggungjawab,"Satu prosedur perlu didokumenkan bagi menjelaskan tanggungjawab-tanggungjawab, perancangan dan syarat-syarat menjalankan audit. Hasil laporan Audit dalaman hendaklah direkodkan."
pengurusan,Pihak pengurusan Syarikat di bahagian yang diaudit akan memastikan tindakan-tindakan telah diambil dengan segera untuk menghindarkan ketidakakuran dan punca berlaku nya ketidakakuran. Tindakan susulan dilaksanakan untuk pengesahan tindakan-tindakan yang telah diambil dan dilaporkan (lihat 10.2).
pengurusan,## 9.3 Kajian semula pengurusan
rekod,"Pihak pengurusan Syarikat hendaklah melaksanakan Kajian Semula Pengurusan ke atas QMS secara berkala (sekurang-kurangnya sekali dalam tempoh setahun) bagi memastikan QMS terus sesuai, mencukupi dan berkesan. Kajian semula ini hendaklah meliputi penilaian ke atas peluang-peluang penambahbaikan dan keperluan perubahan kepada QMS termasuk dasar kualiti dan objektif-objektif kualiti. Rekod Kajian Semula Pengurusan hendaklah disenggara."
objektif,"Pihak pengurusan Syarikat hendaklah melaksanakan Kajian Semula Pengurusan ke atas QMS secara berkala (sekurang-kurangnya sekali dalam tempoh setahun) bagi memastikan QMS terus sesuai, mencukupi dan berkesan. Kajian semula ini hendaklah meliputi penilaian ke atas peluang-peluang penambahbaikan dan keperluan perubahan kepada QMS termasuk dasar kualiti dan objektif-objektif kualiti. Rekod Kajian Semula Pengurusan hendaklah disenggara."
dasar,"Pihak pengurusan Syarikat hendaklah melaksanakan Kajian Semula Pengurusan ke atas QMS secara berkala (sekurang-kurangnya sekali dalam tempoh setahun) bagi memastikan QMS terus sesuai, mencukupi dan berkesan. Kajian semula ini hendaklah meliputi penilaian ke atas peluang-peluang penambahbaikan dan keperluan perubahan kepada QMS termasuk dasar kualiti dan objektif-objektif kualiti. Rekod Kajian Semula Pengurusan hendaklah disenggara."
pengurusan,"Pihak pengurusan Syarikat hendaklah melaksanakan Kajian Semula Pengurusan ke atas QMS secara berkala (sekurang-kurangnya sekali dalam tempoh setahun) bagi memastikan QMS terus sesuai, mencukupi dan berkesan. Kajian semula ini hendaklah meliputi penilaian ke atas peluang-peluang penambahbaikan dan keperluan perubahan kepada QMS termasuk dasar kualiti dan objektif-objektif kualiti. Rekod Kajian Semula Pengurusan hendaklah disenggara."
penambahbaikan,"Pihak pengurusan Syarikat hendaklah melaksanakan Kajian Semula Pengurusan ke atas QMS secara berkala (sekurang-kurangnya sekali dalam tempoh setahun) bagi memastikan QMS terus sesuai, mencukupi dan berkesan. Kajian semula ini hendaklah meliputi penilaian ke atas peluang-peluang penambahbaikan dan keperluan perubahan kepada QMS termasuk dasar kualiti dan objektif-objektif kualiti. Rekod Kajian Semula Pengurusan hendaklah disenggara."
pengurusan,Kajian Semula Pengurusan hendaklah meliputi: 
pengurusan,b. Tindakan susulan daripada Kajian Semula Pengurusan yang lepas;
pelanggan,c. Maklumbalas pelanggan;
prestasi,d. Prestasi proses penyampaian perkhidmatan yang tidak memenuhi keperluan yang ditetapkan;
penambahbaikan,g. Cadangan-cadangan untuk penambahbaikan.
pengurusan,Hasil Kajian Semula Pengurusan akan meliputi keputusan dan tindakan yang merangkumi perkara-perkara berikut:
penambahbaikan,a. Penambahbaikan ke atas proses-proses terlibat;
pelanggan,b. Penambahbaikan perkhidmatan berkaitan dengan keperluan pelanggan; dan
penambahbaikan,b. Penambahbaikan perkhidmatan berkaitan dengan keperluan pelanggan; dan
penambahbaikan,# 10.0 Penambahbaikan
objektif,"Pengurusan Syarikat hendaklah menjalankan pemantauan dan pengukuran ke atas QMS bagi semua proses dan produk akhir yang terlibat. Kaedah pemantauan yang sesuai akan dilaksanakan bagi menentukan proses-proses yang di rancang sentiasa menghasilkan objektif kualiti yang ditetapkan. Sekiranya hasil yang dirancang itu tidak mencapai sasaran, tindakan pembetulan dan pencegahan akan dilaksanakan bagi memastikan pemantauan kepada proses-proses dan sasaran yang dirancang."
pengurusan,"Pengurusan Syarikat hendaklah menjalankan pemantauan dan pengukuran ke atas QMS bagi semua proses dan produk akhir yang terlibat. Kaedah pemantauan yang sesuai akan dilaksanakan bagi menentukan proses-proses yang di rancang sentiasa menghasilkan objektif kualiti yang ditetapkan. Sekiranya hasil yang dirancang itu tidak mencapai sasaran, tindakan pembetulan dan pencegahan akan dilaksanakan bagi memastikan pemantauan kepada proses-proses dan sasaran yang dirancang."
ukur,"Pengurusan Syarikat hendaklah menjalankan pemantauan dan pengukuran ke atas QMS bagi semua proses dan produk akhir yang terlibat. Kaedah pemantauan yang sesuai akan dilaksanakan bagi menentukan proses-proses yang di rancang sentiasa menghasilkan objektif kualiti yang ditetapkan. Sekiranya hasil yang dirancang itu tidak mencapai sasaran, tindakan pembetulan dan pencegahan akan dilaksanakan bagi memastikan pemantauan kepada proses-proses dan sasaran yang dirancang."
ketakakuran,## 10.2 Ketakakuran dan tindakan pembetulan
dasar,Pengurusan Syarikat hendaklah mengambil tindakan pembetulan keatas ketidakpatuhan yang dikenalpasti dari semasa ke semasa. Tindakan pembetulan perlu mengenalpasti punca kepada ketidakpatuhan yang dikesan dan tindakan pembetulan perlu diambil dengan segera dan berkesan. Tindakan-tindakan pembetulan akan dilaksanakan berdasarkan keperluan-keperluan berikut;
pengurusan,Pengurusan Syarikat hendaklah mengambil tindakan pembetulan keatas ketidakpatuhan yang dikenalpasti dari semasa ke semasa. Tindakan pembetulan perlu mengenalpasti punca kepada ketidakpatuhan yang dikesan dan tindakan pembetulan perlu diambil dengan segera dan berkesan. Tindakan-tindakan pembetulan akan dilaksanakan berdasarkan keperluan-keperluan berikut;
pelanggan,a. Kajian semula ketidakpatuhan (termasuk aduan pelanggan);
rekod,e. Merekodkan hasil-hasil tindakan yang telah diambil; dan
dasar,"Pengurusan Syarikat hendaklah mendokumenkan prosedur bagi tindakan pencegahan. Perancangan tindakan pencegahan hendaklah dikenalpasti bagi sesuatu ketidakpatuhan yang telah berlaku untuk menentukan langkah-langkah bagi mencegahnya daripada berulang. Pemantauan yang berterusan ke atas tindakan pencegahan hendaklah dijalankan oleh pengurusan Syarikat. Tindakan Pencegahan hendaklah dilaksanakan berpandukan kepada trend ke atas tindakan pembetulan yang dilaksanakan hasil penilaian dan pemerhatian Audit dalaman, Analisis Aduan Pelanggan dan maklumbalas pelanggan. Tindakan-tindakan pencegahan akan dilaksanakan berdasarkan kepada perkara-perkara berikut:"
pengurusan,"Pengurusan Syarikat hendaklah mendokumenkan prosedur bagi tindakan pencegahan. Perancangan tindakan pencegahan hendaklah dikenalpasti bagi sesuatu ketidakpatuhan yang telah berlaku untuk menentukan langkah-langkah bagi mencegahnya daripada berulang. Pemantauan yang berterusan ke atas tindakan pencegahan hendaklah dijalankan oleh pengurusan Syarikat. Tindakan Pencegahan hendaklah dilaksanakan berpandukan kepada trend ke atas tindakan pembetulan yang dilaksanakan hasil penilaian dan pemerhatian Audit dalaman, Analisis Aduan Pelanggan dan maklumbalas pelanggan. Tindakan-tindakan pencegahan akan dilaksanakan berdasarkan kepada perkara-perkara berikut:"
pelanggan,"Pengurusan Syarikat hendaklah mendokumenkan prosedur bagi tindakan pencegahan. Perancangan tindakan pencegahan hendaklah dikenalpasti bagi sesuatu ketidakpatuhan yang telah berlaku untuk menentukan langkah-langkah bagi mencegahnya daripada berulang. Pemantauan yang berterusan ke atas tindakan pencegahan hendaklah dijalankan oleh pengurusan Syarikat. Tindakan Pencegahan hendaklah dilaksanakan berpandukan kepada trend ke atas tindakan pembetulan yang dilaksanakan hasil penilaian dan pemerhatian Audit dalaman, Analisis Aduan Pelanggan dan maklumbalas pelanggan. Tindakan-tindakan pencegahan akan dilaksanakan berdasarkan kepada perkara-perkara berikut:"
rekod,d. Merekod semua keputusan berkaitan dengan tindakan pencegahan yang diambil; dan
ketakakuran,### 10.2.2 Ketakakuran dan tindakan pembetulan didokumentasikan sebagai bukti
pengurusan,Pengurusan Syarikat hendaklah menyediakan prosedur untuk memantau dan mengukur ciri-ciri produk kepada pelanggan untuk memastikan keperluan-keperluan produk telah dipenuhi. Kriteria bagi produk akhir yang dimaksudkan merujuk kepada parameter-parameter berikut:
ukur,Pengurusan Syarikat hendaklah menyediakan prosedur untuk memantau dan mengukur ciri-ciri produk kepada pelanggan untuk memastikan keperluan-keperluan produk telah dipenuhi. Kriteria bagi produk akhir yang dimaksudkan merujuk kepada parameter-parameter berikut:
pelanggan,Pengurusan Syarikat hendaklah menyediakan prosedur untuk memantau dan mengukur ciri-ciri produk kepada pelanggan untuk memastikan keperluan-keperluan produk telah dipenuhi. Kriteria bagi produk akhir yang dimaksudkan merujuk kepada parameter-parameter berikut:
objektif,a. Mencapai objektif kualiti yang ditetapkan; dan
pengurusan,Pengurusan Syarikat akan mengenal pasti perubahan risiko dan keperluan tindakan pencegahan dengan memberi tumpuan kepada perubahan risiko yang signifikan. Keutamaan tindakan pencegahan yang dikenal pasti hendaklah berasaskan kepada hasil penilaian risiko.
penambahbaikan,## 10.3 Penambahbaikan berterusan
pengurusan,Pengurusan Syarikat hendaklah sentiasa menambahbaik keberkesanan QMS dengan berasaskan sumber-sumber berikut;
dasar,a. Dasar Kualiti;
objektif,b. Objektif Kualiti;
pengurusan,g. Kajian Semula Pengurusan.
dasar,"\begin{table}[th]
\begin{tabular}{|p{5cm}|p{5cm}|p{5cm}|}
\hline
\textbf{Pihak Berkepentingan} & \textbf{Keperluan} & \textbf{Jangkaan} \\ \hline
1. Pelanggan luaran & & \\ \hline
Kementerian dan agensi & a. Perkhidmatan projek integrasi sistem yang berkesan dan mapan selaras dengan persekitaran dan teknologi yang dinamik. & Perkhimatan yang berkualiti, selamat, cekap dan mesra pelanggan serta mematuhi peraturan dan garis panduan yang ditetapkan. \\ \hline
 & b. Menghubungkan manusia, perniagaan dan teknologi. & \\ \hline
Pembekal & Menyediakan material, teknologi dan sokongan selepas perkhidmatan. & Perkhidmatan sokongan yang berkualiti, cekap dan boleh dipercayai serta mematuhi terma kontrak. \\ \hline
2. Pemegang Taruh & & \\ \hline
Institusi kewangan & Menyediakan sokongan kewangan dan perkhidmatan untuk kelangsungan projek. & Perkhidmatan sokongan yang berkualiti, cekap dan boleh dipercayai bagi manfaat bersama. \\ \hline
KWSP & Penjaga simpanan persaraan ahli dan menyediakan perlindungan kewangan kepada ahli atau waris (penerima). & Perkhidmatan sokongan yang berkualiti, cekap dan boleh dipercayai bagi manfaat bersama. \\ \hline
Pertubuhan Keselamatan Sosial (Perkeso) & Menyediakan perlindungan keselamatan sosial kepada semua pekerja dan tanggungan mereka. Skim Bencana Pekerjaan dan Skim Keilatan. & Perkhidmatan sokongan yang berkualiti, cekap dan boleh dipercayai bagi manfaat bersama. \\ \hline
3. Rakan Kolaborasi & & \\ \hline
MAMPU & Perkongsian, pertukaran idea, halatuju dan dasar ICT kerajaan. & Perkongsian bestari yang menyokong kelestarian ICT. \\ \hline
Malaysian Industry Council for Defense & Forum yang menjurus kepada pertumbuhan dan kerjasama bidang industri pertahanan. & Perkongsian bestari yang menyokong pertumbuhan industri pertahanan. \\ \hline
\end{tabular}
\end{table}"
pelanggan,"\begin{table}[th]
\begin{tabular}{|p{5cm}|p{5cm}|p{5cm}|}
\hline
\textbf{Pihak Berkepentingan} & \textbf{Keperluan} & \textbf{Jangkaan} \\ \hline
1. Pelanggan luaran & & \\ \hline
Kementerian dan agensi & a. Perkhidmatan projek integrasi sistem yang berkesan dan mapan selaras dengan persekitaran dan teknologi yang dinamik. & Perkhimatan yang berkualiti, selamat, cekap dan mesra pelanggan serta mematuhi peraturan dan garis panduan yang ditetapkan. \\ \hline
 & b. Menghubungkan manusia, perniagaan dan teknologi. & \\ \hline
Pembekal & Menyediakan material, teknologi dan sokongan selepas perkhidmatan. & Perkhidmatan sokongan yang berkualiti, cekap dan boleh dipercayai serta mematuhi terma kontrak. \\ \hline
2. Pemegang Taruh & & \\ \hline
Institusi kewangan & Menyediakan sokongan kewangan dan perkhidmatan untuk kelangsungan projek. & Perkhidmatan sokongan yang berkualiti, cekap dan boleh dipercayai bagi manfaat bersama. \\ \hline
KWSP & Penjaga simpanan persaraan ahli dan menyediakan perlindungan kewangan kepada ahli atau waris (penerima). & Perkhidmatan sokongan yang berkualiti, cekap dan boleh dipercayai bagi manfaat bersama. \\ \hline
Pertubuhan Keselamatan Sosial (Perkeso) & Menyediakan perlindungan keselamatan sosial kepada semua pekerja dan tanggungan mereka. Skim Bencana Pekerjaan dan Skim Keilatan. & Perkhidmatan sokongan yang berkualiti, cekap dan boleh dipercayai bagi manfaat bersama. \\ \hline
3. Rakan Kolaborasi & & \\ \hline
MAMPU & Perkongsian, pertukaran idea, halatuju dan dasar ICT kerajaan. & Perkongsian bestari yang menyokong kelestarian ICT. \\ \hline
Malaysian Industry Council for Defense & Forum yang menjurus kepada pertumbuhan dan kerjasama bidang industri pertahanan. & Perkongsian bestari yang menyokong pertumbuhan industri pertahanan. \\ \hline
\end{tabular}
\end{table}"
senarai,## E. Senarai Induk Dokumen Kualiti (Wajib)
pengurusan,## H. Penilaian dan pengurusan risiko
pengurusan,Jadual 2: Penilaian dan pengurusan risiko
objektif,"\newpage
## I. Objektif kualiti dan pengukuran"
ukur,"\newpage
## I. Objektif kualiti dan pengukuran"
objektif,Jadual 3: Objektif kualiti dan pengukuran
ukur,Jadual 3: Objektif kualiti dan pengukuran
ukur,Jadual 4: Kriteria pengukuran
