doc_id,file_title
MK.OA.01,Manual_Kualiti.pdf
PK(O).OA.01,PKO_01_Sebut_harga_tender_kontrak.pdf
PK(O).OA.02,PKO_02_Pemantauan_Penyerahan_Perkhidmatan_Integrasi_Sistem.pdf
PK(S).OA.01,PKS_01_Pengendalian_Aduan_Pelanggan.pdf
PK(S).OA.02,PKS_02_Kajian_Semula_Pengurusan.pdf
PK(S).OA.03,PKS_03_Perolehan.pdf
PK(S).OA.04,PKS_04_Pengendalian_Latihan.pdf
PK(S).OA.05,PKS_05_Bajet.pdf
PK(S).OA.06,PKS_06_Teknologi_Maklumat.pdf
PK(S).OA.07,PKS_07_Utiliti.pdf
PK(S).OA.10,PKS_08_Pelaksanaan_Integriti_Akauntabiliti_AntiRasuah.pdf
PK(W).OA.01,PKW_01_Kawalan_Dokumen.pdf
PK(W).OA.02,PKW_02_Rekod_Kualiti.pdf
PK(W).OA.03,PKW_03_Audit_Dalam.pdf
PK(W).OA.04,PKW_04_Tindakan_Pembetulan.pdf
PK(W).OA.05,PKW_05_Tindakan_Pencegahan.pdf
PK(W).OA.06,PKW_06_Kawalan_Produk_Tidak_Memenuhi_Spesifikasi.pdf
BSC.OA.01,bsc_oa_01.pdf
RAM.OA.01,ram_oa_01.pdf
